evaluation/task1_success,evaluation/task2_success,evaluation/task3_success,evaluation/task4_success,evaluation/task5_success,evaluation/overall_success,step
0.0,0.0,0.0,0.0,0.0,0.0,1
0.92,0.76,0.74,0.0,0.96,0.6759999999999999,100000
0.88,0.92,0.48,0.02,0.98,0.656,200000
0.88,0.92,0.86,0.0,0.96,0.724,300000
0.78,0.72,0.92,0.0,0.9,0.6639999999999999,400000
0.9,0.82,1.0,0.0,0.98,0.74,500000
