training/actor/actor_loss,training/actor/bc_log_prob,training/actor/mse,training/actor/std,training/grad/max,training/grad/min,training/grad/norm,validation/actor/actor_loss,validation/actor/bc_log_prob,validation/actor/mse,validation/actor/std,time/epoch_time,time/total_time,step
4.84919,-4.84919,0.10179901,1.0,0.168008,-0.2541737,7.990393,4.7936735,-4.7936735,0.07959227,1.0,0.02418975305557251,120.94877362251282,5000
4.811096,-4.811096,0.086561546,1.0,0.42126507,-0.40212905,13.976775,4.841214,-4.841214,0.098608665,1.0,0.006556274461746216,153.73015713691711,10000
4.8081217,-4.8081217,0.085371725,1.0,0.20589033,-0.19017805,7.7527776,4.764207,-4.764207,0.067805715,1.0,0.006495071315765381,186.2055206298828,15000
4.810602,-4.810602,0.086363666,1.0,0.12242296,-0.13015306,5.885993,4.777048,-4.777048,0.07294225,1.0,0.0067750733375549314,220.080894947052,20000
